
INSERT INTO product_category (id, label) VALUES (1, 'Fruits');
INSERT INTO product_category (id, label) VALUES (2, 'Vegetables');
INSERT INTO product_category (id, label) VALUES (3, 'Dairy');

INSERT INTO product_subcategory (id, label, id_product_category) VALUES (1, 'Sub Fruit 1', 1);
INSERT INTO product_subcategory (id, label, id_product_category) VALUES (2, 'Sub Fruit 2', 1);
INSERT INTO product_subcategory (id, label, id_product_category) VALUES (3, 'Sub Vegetables 1', 2);
INSERT INTO product_subcategory (id, label, id_product_category) VALUES (4, 'Sub Vegetables 2', 2);
INSERT INTO product_subcategory (id, label, id_product_category) VALUES (5, 'Sub Dairy', 3);

INSERT INTO product (id, label, id_product_subcategory, threshold_warning) VALUES (1, 'Apple', 1, 100.);
INSERT INTO product (id, label, id_product_subcategory, threshold_warning) VALUES (2, 'Peach', 1, 100.);
INSERT INTO product (id, label, id_product_subcategory, threshold_warning) VALUES (3, 'Orange', 2, 100.);
INSERT INTO product (id, label, id_product_subcategory, threshold_warning) VALUES (4, 'Pumpkin', 4, 100.);
INSERT INTO product (id, label, id_product_subcategory, threshold_warning) VALUES (5, 'Potato', 3, 100.);
INSERT INTO product (id, label, id_product_subcategory, threshold_warning) VALUES (6, 'Milk', 5, 100.);

INSERT INTO mvt_product_stock (id, id_product, quantity_in, quantity_out, date) VALUES ('1', '4', '345', '768', '2024-10-18T19:40:34.863');
INSERT INTO mvt_product_stock (id, id_product, quantity_in, quantity_out, date) VALUES ('2', '5', '175', '60', '2024-09-04T04:26:54.729');
INSERT INTO mvt_product_stock (id, id_product, quantity_in, quantity_out, date) VALUES ('3', '3', '755', '456', '2025-03-28T02:24:39.478');
INSERT INTO mvt_product_stock (id, id_product, quantity_in, quantity_out, date) VALUES ('4', '6', '700', '388', '2025-03-26T08:29:29.161');
INSERT INTO mvt_product_stock (id, id_product, quantity_in, quantity_out, date) VALUES ('5', '5', '805', '260', '2024-11-25T11:29:38.537');
INSERT INTO mvt_product_stock (id, id_product, quantity_in, quantity_out, date) VALUES ('6', '6', '875', '248', '2025-01-19T18:16:59.583');
INSERT INTO mvt_product_stock (id, id_product, quantity_in, quantity_out, date) VALUES ('7', '3', '305', '468', '2024-11-19T08:55:39.655');
INSERT INTO mvt_product_stock (id, id_product, quantity_in, quantity_out, date) VALUES ('8', '2', '20', '280', '2025-01-29T01:26:14.598');
INSERT INTO mvt_product_stock (id, id_product, quantity_in, quantity_out, date) VALUES ('9', '6', '75', '824', '2024-08-23T14:54:39.908');
INSERT INTO mvt_product_stock (id, id_product, quantity_in, quantity_out, date) VALUES ('10', '6', '225', '0', '2024-07-02T06:25:35.868');
INSERT INTO mvt_product_stock (id, id_product, quantity_in, quantity_out, date) VALUES ('11', '6', '200', '164', '2024-04-29T06:17:15.003');
INSERT INTO mvt_product_stock (id, id_product, quantity_in, quantity_out, date) VALUES ('12', '5', '315', '336', '2025-02-05T23:44:10.969');
INSERT INTO mvt_product_stock (id, id_product, quantity_in, quantity_out, date) VALUES ('13', '4', '670', '708', '2025-04-05T11:47:28.832');
INSERT INTO mvt_product_stock (id, id_product, quantity_in, quantity_out, date) VALUES ('14', '2', '865', '104', '2024-12-07T19:55:09.147');
INSERT INTO mvt_product_stock (id, id_product, quantity_in, quantity_out, date) VALUES ('15', '2', '200', '908', '2024-11-30T19:36:03.720');
INSERT INTO mvt_product_stock (id, id_product, quantity_in, quantity_out, date) VALUES ('16', '2', '310', '380', '2024-10-27T10:48:48.100');
INSERT INTO mvt_product_stock (id, id_product, quantity_in, quantity_out, date) VALUES ('17', '3', '300', '84', '2024-10-20T03:59:54.319');
INSERT INTO mvt_product_stock (id, id_product, quantity_in, quantity_out, date) VALUES ('18', '2', '95', '644', '2025-03-23T22:56:57.437');
INSERT INTO mvt_product_stock (id, id_product, quantity_in, quantity_out, date) VALUES ('19', '3', '800', '652', '2024-05-30T22:25:04.175');
INSERT INTO mvt_product_stock (id, id_product, quantity_in, quantity_out, date) VALUES ('20', '1', '840', '24', '2024-12-16T14:19:34.499');
INSERT INTO mvt_product_stock (id, id_product, quantity_in, quantity_out, date) VALUES ('21', '1', '560', '832', '2025-02-17T21:59:06.403');
INSERT INTO mvt_product_stock (id, id_product, quantity_in, quantity_out, date) VALUES ('22', '5', '630', '600', '2024-07-22T21:30:50.081');
INSERT INTO mvt_product_stock (id, id_product, quantity_in, quantity_out, date) VALUES ('23', '1', '460', '720', '2025-03-14T10:29:24.788');
INSERT INTO mvt_product_stock (id, id_product, quantity_in, quantity_out, date) VALUES ('24', '4', '130', '68', '2024-07-02T14:28:12.531');
INSERT INTO mvt_product_stock (id, id_product, quantity_in, quantity_out, date) VALUES ('25', '3', '225', '632', '2024-08-15T23:32:34.994');
INSERT INTO mvt_product_stock (id, id_product, quantity_in, quantity_out, date) VALUES ('26', '4', '120', '708', '2024-12-28T23:55:29.893');
INSERT INTO mvt_product_stock (id, id_product, quantity_in, quantity_out, date) VALUES ('27', '2', '410', '368', '2025-01-17T23:13:37.022');
INSERT INTO mvt_product_stock (id, id_product, quantity_in, quantity_out, date) VALUES ('28', '5', '540', '548', '2024-10-29T15:32:31.053');
INSERT INTO mvt_product_stock (id, id_product, quantity_in, quantity_out, date) VALUES ('29', '6', '850', '740', '2025-03-25T07:14:24.670');
INSERT INTO mvt_product_stock (id, id_product, quantity_in, quantity_out, date) VALUES ('30', '6', '360', '632', '2024-04-29T02:12:37.046');
INSERT INTO mvt_product_stock (id, id_product, quantity_in, quantity_out, date) VALUES ('31', '1', '615', '20', '2024-10-19T07:24:51.184');
INSERT INTO mvt_product_stock (id, id_product, quantity_in, quantity_out, date) VALUES ('32', '4', '135', '24', '2025-03-01T10:57:52.582');
INSERT INTO mvt_product_stock (id, id_product, quantity_in, quantity_out, date) VALUES ('33', '5', '155', '8', '2025-02-09T22:15:14.073');
INSERT INTO mvt_product_stock (id, id_product, quantity_in, quantity_out, date) VALUES ('34', '6', '855', '496', '2024-11-30T20:28:18.980');
INSERT INTO mvt_product_stock (id, id_product, quantity_in, quantity_out, date) VALUES ('35', '3', '420', '600', '2024-05-24T05:00:29.313');
INSERT INTO mvt_product_stock (id, id_product, quantity_in, quantity_out, date) VALUES ('36', '4', '70', '608', '2025-03-17T03:16:41.247');
INSERT INTO mvt_product_stock (id, id_product, quantity_in, quantity_out, date) VALUES ('37', '5', '930', '304', '2024-09-24T06:30:42.969');
INSERT INTO mvt_product_stock (id, id_product, quantity_in, quantity_out, date) VALUES ('38', '6', '775', '868', '2024-04-14T21:15:24.766');
INSERT INTO mvt_product_stock (id, id_product, quantity_in, quantity_out, date) VALUES ('39', '1', '210', '132', '2024-10-17T11:29:33.165');
INSERT INTO mvt_product_stock (id, id_product, quantity_in, quantity_out, date) VALUES ('40', '2', '595', '156', '2024-04-22T18:41:18.859');
INSERT INTO mvt_product_stock (id, id_product, quantity_in, quantity_out, date) VALUES ('41', '2', '325', '468', '2024-06-27T23:53:49.176');
INSERT INTO mvt_product_stock (id, id_product, quantity_in, quantity_out, date) VALUES ('42', '2', '420', '532', '2024-05-23T06:16:10.400');
INSERT INTO mvt_product_stock (id, id_product, quantity_in, quantity_out, date) VALUES ('43', '2', '500', '244', '2025-03-22T09:32:48.321');
INSERT INTO mvt_product_stock (id, id_product, quantity_in, quantity_out, date) VALUES ('44', '1', '15', '120', '2024-05-06T01:41:33.218');
INSERT INTO mvt_product_stock (id, id_product, quantity_in, quantity_out, date) VALUES ('45', '3', '470', '848', '2024-08-24T17:35:18.865');
INSERT INTO mvt_product_stock (id, id_product, quantity_in, quantity_out, date) VALUES ('46', '6', '110', '616', '2024-09-23T01:28:27.239');
INSERT INTO mvt_product_stock (id, id_product, quantity_in, quantity_out, date) VALUES ('47', '3', '105', '320', '2025-02-10T03:08:30.583');
INSERT INTO mvt_product_stock (id, id_product, quantity_in, quantity_out, date) VALUES ('48', '5', '135', '760', '2024-11-06T23:41:56.501');
INSERT INTO mvt_product_stock (id, id_product, quantity_in, quantity_out, date) VALUES ('49', '5', '720', '808', '2024-08-29T11:14:52.882');
INSERT INTO mvt_product_stock (id, id_product, quantity_in, quantity_out, date) VALUES ('50', '3', '20', '84', '2024-07-13T17:12:00.767');
